Unnamed: 0,sizeLoansUSD,sizeCollateralUSD,sizeReimbursementsUSD,numLoansUser,maximumDebt,atTimeMaximumDebtCollateralProvided,timeStampsSupplyCollateral,timeStampsLoans,numReimbursementsUser,timeStampsReimbursement,timeStampsWithdrawCollateral,ratioCollateralToLoans,averageOfDailyCollateralToDebt,numTransactionsUser,timeStampFirstAnyTransactionAccount,MostFrequentTransactionTimeOfDay,DaysWithHighRatio,LoanRepaidxPercentInLastyMonths,user_class
0x8fbce39ab5f2664506d6c3e3cd39f8a419784f62,20000.0624,38882.1,20000.13640323089,1.0,20002.0,40057.50000000001, 1667891819, 1667891891,1.0, 1667895215, 1668323867,1.9440989344113249,1.0,10.0,1492596797.0,Morning,6.0,False,Unknown
0x818bfbe42cdecee5e461460ece5711de9ad1e520,906.3744718795292,896.9135973034956,400.0012479999999,2.0,627.4364757948,890.2948336242, 1668273203, 1668273371 1668280199,1.0, 1668273635,,0.9895618479231716,1.7552007730364003,4.0,1667635595.0,Evening,0.0,True,Bad
0xca54c3123c855bceceb0db69b034e45530020f26,2200.006864,4147.424,493.9217110309304,1.0,2200.0,4985.12, 1662451975, 1662452074,1.0, 1668615587,,1.885186845489769,2.051919344350507,4.0,1501486746.0,Morning,23.0,False,Unknown
0xd16b6b7b880669efabc9c55014fa7198d06acaf1,120000.3744,184222.31647499875,120000.38355302854,1.0,120012.0,203828.9938416235, 1663333847, 1663334195,1.0, 1663334291, 1663334375,1.5351811808597056,1.0,18.0,1660841859.0,Afternoon,76.0,False,Good
0x9aceffd332ff7214f30511241029e909801a64d5,9868.016127279998,20252.865722322043,9910.467631562537,6.0,9867.0132,12438.859402435306, 1662828848 1662834700 1663441355 1663800863 1663803839 1664925143 1664925527, 1662828848 1663439123 1663801619 1663975463 1665858071 1666123067,2.0, 1666570775 1667094647, 1664644259 1664661059 1666569395 1666569719 1667093375 1667094719,2.052374607124249,2.143527162538038,21.0,1662136173.0,Night,15.0,False,Unknown
0xe5350e927b904fdb4d2af55c566e269bb3df1941,120000.0,212225.2186412993,120317.59726573224,4.0,105231.0,188759.2667990992, 1665177851 1668105503 1668170147 1668172103, 1665177851 1668105503 1668170147 1668172103,2.0, 1668041927 1669085075, 1669085111,1.7685434886774938,1.9570263978437088,8.0,1592582687.0,Night,1.0,False,Unknown
0xec0860f5d2ac8de9db4b1030a43edcf3fb4db55a,97750.30498,208102.42621980503,97863.58749244032,3.0,97955.275,144442.0662083636, 1666968791 1666978067 1668007391 1668015755, 1666968911 1666978187 1668007007,2.0, 1668085019 1668354167, 1668354239,2.1289184341919287,2.5857858471550617,12.0,1638823796.0,Afternoon,18.0,False,Unknown
0x00cd2ff07447e2372549ac54fba8548bef968687,134001.01559999998,199594.78000000003,134122.36329,4.0,81915.182432523,133883.36, 1664908559 1665032051 1665658271, 1664908559 1665028115 1665032051 1665658271,3.0, 1665538043 1666265447 1666678847, 1665538043 1666265447 1666678847,1.489501994490854,1.4960770732473538,8.0,1664892011.0,Afternoon,1.0,True,Unknown
0x7944642920df33bae461f86aa0cd0b4b8284330e,1059.6586861247854,1296.0700000000002,1059.6588861254097,1.0,1059.549414462,1337.37, 1664338739, 1664338811,1.0, 1664338967, 1664339039,1.2231013787465663,1.0,6.0,1631785822.0,Morning,1.0,False,Unknown
0xca85c97e49d1022cf095adeba300662dc590e13a,40717.12703704,79236.38316,1252.7977627168243,3.0,40712.9283,86760.0, 1669084631 1670038703, 1669084715 1670035931 1670039243,2.0, 1670041667 1670730611, 1670471495,1.9460209726467044,2.146868872366591,8.0,1515361510.0,Night,7.0,False,Unknown
0x930af7923b8b5f8d3461ad1999ceeb8a62884b19,12430038.7816,12309006.49731928,4364095.180746482,17.0,8221267.263060855,10053949.47027416, 1663225139 1663225271 1663226063 1663226735 1663288139 1663383071 1663383383 1663797299 1664174507 1665468455 1665469007 1666983011 1666983539 1667064851 1667172287 1667304899 1667579255 1667667611 1667755715 1667818607 1667867579 1667993651 1668745043 1668782267 1668986867 1668997271 1669152851 1669253927 1669672055 1670471831, 1663225463 1663226183 1663226831 1663383443 1663646783 1664447747 1666739603 1666986407 1667066999 1667305019 1667600879 1667667827 1667818763 1668729395 1669152911 1669254011 1669924031,7.0, 1663288439 1663564883 1663796363 1665468623 1666468247 1667432159 1667931263,,0.9902629198180876,1.4250803528550042,55.0,1623199943.0,Night,0.0,False,Unknown
0x429801692ae55c2d706cf57276fe9f71abcce3cc,2699.9986679695608,3753.0964733011424,2700.7234522308804,3.0,2699.7202449756,5190.022480255697, 1667637875 1667638319 1667638655 1667640227, 1667638019 1667638499 1667640011,1.0, 1667886983, 1667887067,1.3900364166192447,1.859151511379346,9.0,1646372677.0,Morning,1.0,True,Unknown
0xc9578e364eb11765173a1f866cb3b76b7dd85225,632302.8001901655,845101.5042653221,367847.0690632482,6.0,558301.014611,775615.4314330692, 1663183158 1663183455 1663183862 1663184308 1663231835 1663525967, 1663183205 1663183498 1663183971 1663202018 1663701467 1664225411,4.0, 1663635959 1663636319 1668009755 1668043595, 1663255115 1663635719 1663635959,1.3365455664772594,1.647376561527724,19.0,1649096404.0,Evening,1.0,False,Unknown
0x051d091b254ecdbbb4eb8e6311b7939829380b27,11000000.0,63964378.60317046,5938171.423196831,3.0,11008799.999999998,36213945.33626514, 1669317575 1669318643 1669319171 1669410743 1669909319, 1669317575 1669318643 1669319171,2.0, 1669408271 1669909319, 1669408415,5.814943509379133,4.3286322572795015,8.0,1648599083.0,Evening,8.0,False,Unknown
0x523b27014b865c4d8f3dac9c6e3b1bad13d22b87,10000.0,17439.654708241596,10000.689978,1.0,9999.0,19821.3119469, 1661827259, 1661827343,1.0, 1661881485, 1661881572,1.7439654708241596,1.0,5.0,1661637025.0,Night,1.0,False,Unknown
0x337699a15e9cb2236045d9d29427f17ed1c4773f,45000.1404,102886.0466550104,45011.51715049534,4.0,45144.00000000001,96273.79010372303, 1667985719 1667985719 1667992379 1668050231 1668100631, 1667987555 1668037775 1668095423 1668095435,3.0, 1668096839 1668371879 1668372335, 1668371675 1668372011 1668372515 1668372671,2.2863494589232527,2.937868607036269,16.0,1615671796.0,Evening,5.0,True,Unknown
0x27fae987f304afa9f2ff10f48e9d8e90eb05a7df,1000.0,1296.0700000000002,1000.0,1.0,1000.0,1508.08, 1661479775, 1661479925,1.0, 1661487444, 1661487856,1.29607,1.0,6.0,1598511500.0,Morning,55.0,False,Unknown
0x286c2f2dc75ce488683c572305715c8b019cbe3b,100.0,155.5284,100.25612379813032,1.0,99.98,205.9704, 1663009021, 1663009021,1.0, 1664992031,,1.555284,1.6588251486961785,3.0,1662847881.0,Evening,1.0,False,Unknown
0x4f00a16d909e3c9df5b5e7be30b2af0b0e67c5a3,1310454.888719076,1019747.876,1310735.1320913432,13.0,546548.2035569871,698820.5920000001, 1666076783 1666586123 1666680167 1666758479 1667457983 1667711867 1667803007 1667974655, 1666076831 1666586183 1666680167 1666758299 1666758539 1666937759 1667283995 1667629343 1667711747 1667802467 1667888591 1668060875 1668079211,11.0, 1666153859 1666154195 1666759331 1666844951 1667019455 1667105375 1667457983 1667543363 1667974655 1668146363 1668146531, 1666153955 1666154231 1666844723 1667018975 1667104799 1667629343 1668060875 1668146363 1668178943,0.7781632811464179,4.386248538775988,36.0,1628838375.0,Morning,21.0,True,Unknown
0x33d3c029fd119ebb90df20c3427a97074637bf7c,50000.03432,97205.25000000004,9950.0156,5.0,44995.5,85386.6, 1663184742 1663234235 1663318259 1665486299 1668103211 1669148147, 1663184742 1663234031 1663234235 1666431311 1669148147,2.0, 1667993759 1668271955,,1.9441036655672448,2.183405428313292,11.0,1514114251.0,Afternoon,25.0,False,Unknown
0xf7b7bac7d6ff1191e2120c9f53413030f2be45d7,930000.0,1738680.7377274674,9967.401409195369,1.0,930000.0,1965164.102678871, 1663241255, 1663241255,1.0, 1668540107,,1.869549180352116,2.068423615079984,3.0,1660646630.0,Afternoon,9.0,False,Unknown
0xd97a5c386d7b77d3d90229e9fa1a393f78d06289,2400.0,3628.996,500.0015599999999,2.0,2399.76,3583.916, 1665442787 1665464447, 1665442787 1665464447,1.0, 1668013043,,1.5120816666666668,1.6577704621832263,4.0,1650236156.0,Night,0.0,False,Unknown
0xdb7030beb1c07668aa49ea32fbe0282fe8e9d12f,72800.226824,174211.6139086371,72821.251561,2.0,72792.72,192378.5551025, 1664193011 1664193215, 1664193215 1664193419,1.0, 1664435123, 1664435459,2.3930092186361827,2.6439377325113456,6.0,1629388228.0,Afternoon,4.0,True,Unknown
0x7af3edc58487bad40a21b93d90f14453282d8df3,90000.2808,374591.8755744747,70115.43707448113,3.0,59946.0834919786,275457.02175335924, 1663569767 1663569971 1667139611 1668316151, 1663570139 1667139671 1668316223,2.0, 1667138579 1668315575, 1667138747 1668315611,4.162118965016326,7.1302808271411005,11.0,1597590486.0,Morning,56.0,False,Unknown
0x4e618a87fd859eeb0a720aca97d3bdebbf0ce212,1768305.5170959996,2909802.3369576125,1776715.7692859047,11.0,1643482.2785366303,2741077.923406788, 1662994318 1662995827 1662996412 1663290935 1664313539 1664313767 1664334875 1666076267 1666081211 1666254479 1666526075 1666863179 1667203271 1667723387 1667978735 1668038939 1668068183 1668068963 1668075311 1668328007, 1662994481 1662996038 1662996775 1664279627 1664312951 1664334671 1666081319 1666671755 1667203535 1667220599 1668068363,13.0, 1667209091 1667378723 1668324527 1668325295 1668325643 1668325979 1668326171 1668326747 1668327071 1668327503 1668327923 1668328295 1668425483, 1668323891 1668324635 1668325343 1668325751 1668326027 1668326399 1668326819 1668327179 1668327659 1668328091 1668425027,1.6455314473803353,2.1905078894263696,56.0,1622728854.0,Morning,7.0,False,Unknown
0xe6eaa91f53ce9a2f963fdfbfb3a160e27b014452,8700.0,19311.443,8768.36139920221,1.0,8700.87,22213.367, 1661581628, 1661581628,1.0, 1668014207, 1668014255,2.219706091954023,2.4725243899197853,4.0,1661580374.0,Morning,70.0,False,Good
0x4654f56a64301b9b582f843f97332d96ead11ff8,20000.0,77052.3385140379,26732.266369,1.0,19887.0110880012,58937.578729664034, 1661476663 1663396859 1663397327 1663397327 1663397903, 1663397327,1.0, 1663398275, 1663397903 1663398275 1663398275 1663398671,3.852616925701895,1.0,14.0,1524458127.0,Morning,23.0,False,Unknown
0xba262a49004931bd65f077a045aeef8c5978376b,40000.0,129607.0,40149.57306227712,3.0,39996.0,131505.0, 1663964591 1664360795 1665217895, 1663964591 1664360795 1665217895,1.0, 1667987579, 1667993351,3.240175,3.477271058204407,6.0,1596448741.0,Afternoon,48.0,False,Unknown
0xa22c4471d3500782b65ef3d85195af2d67664b29,2300.002808,3437.5481884413643,984.610202586108,5.0,2199.63984,3111.103088137092, 1665175487 1665175967 1665381431 1665381431 1665395279 1665395279 1665591779 1665591779 1665591779 1666537655 1666537655 1666777247 1667217407 1667950511 1668039035 1668514475 1668514475 1668514475 1668514475, 1665175487 1665381431 1666536923 1666777055 1667215631,5.0, 1665591779 1667564939 1667950439 1668039035 1668514415,,1.4945843441950115,1.8297610011503032,21.0,1663408355.0,Afternoon,1.0,False,Unknown
0x358b55d2ac855ae64cd01ab6fdaca77149b98b4e,250000.0,547722.3974101404,250215.895596,1.0,249975.0,549561.2486002091, 1664665967 1665463175 1665463175, 1664665967,1.0, 1668038627, 1668038747 1668038747 1668115571,2.1908895896405616,2.213598437407429,6.0,1609375807.0,Night,28.0,False,Unknown
0x4c3bcff150f05246234372f1f407e1386801a7d5,4500014.039999999,9584035.022856364,4500016.119766488,2.0,4500450.0,11185809.315693105, 1663294091 1663294103 1663294715, 1663294175 1663294775,1.0, 1663858499, 1663858571 1664681471 1664681675,2.129778915724531,2.428828521083031,10.0,1663293659.0,Night,17.0,True,Unknown
0x2abc73d40fa73908607bed091ae21c90d4cc8731,34668.10816416,67563.94738042982,34694.70852715287,1.0,34664.5332,78422.88, 1664424191, 1664429651,1.0, 1665063899, 1665063995,1.9488789829690687,2.2670774882133093,4.0,1664333363.0,Afternoon,7.0,True,Unknown
0x2c49946a3840505753dddc5e60c23fbd19529c30,90000.2808,218820.1087294645,60021.58773976946,3.0,60006.0,98740.9053830298, 1663325027 1663408427 1663426031 1663443863 1663550903 1663920479 1669979651, 1663325111 1663326275 1663920527,1.0, 1663582355, 1663583207 1663584407,2.4313269556983927,3.642261292075728,16.0,1560875831.0,Afternoon,75.0,False,Good
0x5da0a50c04e4d8dc07740b5c66bc2250566883c2,200.000624,388.821,200.000624,1.0,200.02,485.121, 1661845067, 1662356275,1.0, 1662356733, 1662357158,1.9440989344113249,1.0,5.0,1661229917.0,Morning,7.0,False,Unknown
0xc7cf06cc3648190f4502bbf4e4dd120f462129dc,25000.0,32401.75,12518.771390444876,1.0,25002.5,39491.00000000001, 1667297771, 1667297771,2.0, 1667985791 1667999567,,1.29607,1.6196159087758129,4.0,1648803384.0,Afternoon,1.0,False,Unknown
0x5b85b47670778b204041d6457db8b5f5d36fa97a,100.00031199999998,236.4738158315044,100.01094003315934,1.0,99.99,270.59116, 1666066007 1666067291, 1666070927,1.0, 1666169555, 1666306427,2.3647307803550093,2.7061822182218225,5.0,1653622972.0,Morning,3.0,True,Unknown
0x8e8175f7be6044f90143b0bbc0c021eb2d484002,450703.40619024,740374.0549746099,350404.4363874305,3.0,401543.4742,632326.4904162061, 1666767263 1666767863 1666834883 1667967119, 1666767935 1666834943 1668122939,3.0, 1668071147 1668130199 1669382531, 1669382627,1.6427079201218666,2.0580276314161288,12.0,1556281855.0,Morning,1.0,False,Unknown
0x64edb7cbff81023e9ec1ea49ed074e66996ee9b2,7000.021839999999,16650.31486193958,3323.019574788725,1.0,7000.7,16819.8334052, 1667473919 1667937503 1668312419, 1667473979,1.0, 1668301991, 1668302099 1668311771 1670199059,2.378608987588471,2.4967897262543346,9.0,1516420501.0,Night,25.0,False,Unknown
0x2b384212edc04ae8bb41738d05ba20e33277bf33,400.0,1296.0700000000002,400.0,1.0,400.0,1508.08, 1661489242, 1661489242,1.0, 1661654582, 1661654582,3.240175,3.748451164883512,3.0,1593643978.0,Night,3.0,True,Unknown
0xe3e04f4f41fbe34dda69e5e125c416f3adf3c8af,100.00031199999998,259.214,100.00031199999998,1.0,99.99,265.646, 1664241935 1664242103, 1664242727,1.0, 1664394815, 1664395127,2.592131912548433,2.656725672567257,6.0,1609354761.0,Evening,2.0,True,Unknown
0x5a803c73ce60f3f54e8db263c8033286c313ec3f,2200003.432,3555305.588300868,1425520.944255,2.0,1100000.0,2030994.133082191, 1663169158 1663233659 1665655619, 1663169359 1663233659,3.0, 1663218299 1665655619 1667973371, 1663218299 1667973371,1.6160454736512735,1.8691579780507164,7.0,1659546955.0,Afternoon,0.0,False,Unknown
0x693c68ffc8a55e67deaafc2fdbad7385f57dfcfe,2000.0,3888.210000000001,2003.9048590427008,1.0,2004.2,3302.5199999999995, 1666807583 1668019751, 1666807583,3.0, 1668525515 1668722603 1668807119, 1668465779 1668722303 1668806819 1668807119,1.944105,2.028584047732092,9.0,1666211339.0,Evening,3.0,False,Unknown
0x49ae763ed846db9a69a639732caa320fad1d5799,8494026.501279999,19673667.30706448,4501226.320990304,7.0,4504439.5,8655594.0, 1666282967 1666368887 1666916783 1667750375 1667953919 1669822931 1670428979, 1666283087 1666368995 1666916879 1666974923 1667750219 1669823003 1670429075,2.0, 1668010883 1668272495, 1668010967 1668272555,2.3161768219230034,2.680960746914359,19.0,1638770272.0,Evening,48.0,False,Unknown
0xe65eed1524e5925afaec9cea9ce992b96e315309,500.0015599999999,884.4830133545759,500.099427305345,1.0,499.95,1024.367855154, 1666364147, 1666364231,1.0, 1666539995, 1666540043,1.7689605075523684,2.009140879679968,7.0,1602729860.0,Afternoon,2.0,True,Unknown
0xc926ddba8b7617dbc65712f20cf8e1b58b8598d3,392222.2184,578108.6186498814,393963.913055,2.0,392182.7778,667454.6853393802, 1663118016, 1663118016 1663382015,1.0, 1666832027, 1666832027,1.4739313367003315,1.669758784826948,4.0,1512373207.0,Night,1.0,False,Unknown
0x6d52b79408fc58b56ebd79bb76f3c663ec596ede,75000.0,219379.392,33148.86350813146,3.0,75000.0,248401.7247, 1663079080 1663080557 1663256015, 1663079080 1663080557 1663256015,3.0, 1667941643 1668015251 1668038315,,2.92505856,3.2045687359919333,7.0,1652395058.0,Afternoon,58.0,False,Unknown
0xe0276b19467e8a37eacfc93cf18d614910b06f6e,9300.029016,11016.595,5600.017472,3.0,6899.31,11367.645, 1663298147, 1663298363 1663763483 1664368775,3.0, 1663775687 1664379719 1668952559,,1.1845764116484776,2.691168692043095,8.0,1598883883.0,Afternoon,65.0,False,Good
0x687e6c2d22cf5768650d7af7b3d88bfac5d3d498,100.0,259.214,100.00031199999998,1.0,100.13,228.576, 1668951863, 1668951863,1.0, 1668952343,,2.59214,1.0,4.0,1598847175.0,Afternoon,1.0,False,Unknown
0x94aec6a2fd64b63cd501960e920a4d5562d35d40,253162.1444094261,367174.6696308446,254534.696719776,5.0,253136.0384105454,410977.82514217135, 1664318231 1664318507 1664318723 1664318903 1664319419 1664320187 1668982679, 1664318291 1664318567 1664318759 1664318999 1664320283,4.0, 1668038663 1669415855 1669416155 1669416347, 1668981179 1669415651 1669415927 1669416203 1669416395,1.4503537663080934,1.6855558933985455,22.0,1505007233.0,Night,5.0,False,Unknown
0xd9302b9ff329c4be356c435920df50ab4dcc7490,2672000.0,4200557.069693623,2672794.912411,2.0,1491552.4,2862426.600000001, 1662884612 1663290695, 1662884612 1663290695,2.0, 1663190999 1663314779, 1663191253 1663314779,1.572064771591925,1.830894463137169,6.0,1662883450.0,Morning,3.0,True,Unknown
0xa8bff2d050cee7b90c1040f17109fc89d2ce1bcb,100000.0,168489.1,100686.0610325303,1.0,100000.0,172032.90000000002, 1662901689 1663691171, 1662901689,1.0, 1668724751,,1.684891,1.740908966793855,4.0,1641507445.0,Afternoon,1.0,False,Unknown
0xa69b74f7dd1ba072dbec72d3402238f39bcbf210,400.0012479999999,1166.463,400.3902692137424,1.0,399.96,1161.036, 1665436943, 1665437615,1.0, 1666257923, 1666258043,2.9161484016169874,2.915488298829884,5.0,1662832376.0,Afternoon,11.0,True,Unknown
0xbb3f49e5fdc0fdce8a3e97c563c7c6e9188fc0a4,1350.000312,1662.475221489384,100.00031199999998,2.0,1349.865,2209.312118094, 1663916819 1667425007, 1663916819 1667642903,1.0, 1667919023,,1.2314628424244276,1.714818571167697,6.0,1637445240.0,Afternoon,0.0,False,Unknown
0x89e9e55d4ddc6492cdb13afef3eaf44863eedf44,106.46983218484,129.607,106.46985018489616,1.0,106.48014695,129.441, 1669836695 1669837295, 1669837355,1.0, 1669837511, 1669837595,1.2173119590814427,1.0,10.0,1668535331.0,Evening,1.0,False,Bad
0x00c10ff0176af4e324d6397deb55b63bf56fa27a,100.0,259.214,100.00031199999998,1.0,99.99,258.914, 1665600611, 1665600611,1.0, 1665601163, 1665601415,2.59214,1.0,4.0,1665067031.0,Evening,1.0,False,Unknown
0x730ca23bcd88802da1e19766db0a98e005d8fda1,150.07579523502022,181.4498,150.08110725159366,1.0,150.5555680464,181.88100000000003, 1668112211, 1668112379,1.0, 1668257651, 1668257807,1.2090543962525588,1.2037721914791917,5.0,1510091992.0,Evening,1.0,True,Unknown
0x41980e3ae9f3cec843ab191adbb6357e4183cd17,1198845.4907870395,2023960.9782393472,499963.1476001536,13.0,828912.30048,1151507.0, 1665358451 1665358571 1665358835 1665399191 1666020419 1666045979 1667236919 1667240015 1668407471 1668566855 1668731651 1668734375 1668955523 1670634011, 1665358451 1665358643 1665358943 1665399455 1666018907 1666020539 1666046135 1667213399 1667237051 1667576003 1668407627 1668566987 1670634083,4.0, 1666044239 1667895011 1669019039 1669019423, 1666044503 1667895059 1668731723 1668734039 1668955559 1669018919 1669019123 1669019483,1.6882584067698505,1.3597805711887876,40.0,1649026137.0,Night,0.0,False,Unknown
0xbbac542d6c8d7f6db0d0465ee14c869963f99c83,1000.0,1555.284,250.00078,1.0,999.8,1965.5040000000004, 1663145656, 1663145656,1.0, 1668389087,,1.555284,1.6606961310789734,3.0,1602235445.0,Morning,0.0,False,Unknown
0xeb314372e169d697432b835c0c92f842bea12c9d,100.0,129.607,100.0001404,1.0,100.0,150.808, 1661482395, 1661482395,3.0, 1661526964 1662154767 1664075711, 1666504103,1.29607,3.2999460802559826,6.0,1661482095.0,Night,59.0,False,Unknown
0x227e93bc160fc34f1f31500dbf83619c6147aedb,12694013.727999998,20487478.84110665,12713982.612604396,46.0,6694284.307066756,10235809.686746595, 1662965295 1662966330 1662973503 1662973523 1663090819 1663127341 1663127646 1663139619 1663229195 1663229387 1663285367 1663372739 1663394039 1663540067 1663624883 1663660355 1663660691 1663662911 1663664279 1663720415 1663720415 1663724123 1663801055 1663806239 1663806239 1663806239 1663808831 1663861211 1663863431 1663966307 1664316755 1664316755 1664331191 1664332787 1664340107 1664342387 1664353691 1664401067 1664431547 1664433983 1664667623 1664755979 1665112739 1665121079 1665176051 1665295391 1665296723 1665441251 1665441779 1665449831 1665450479 1665534887 1665534887 1666309931 1666487783, 1662965524 1662966350 1662972494 1662973616 1663036142 1663127503 1663139522 1663229435 1663285439 1663372823 1663394039 1663540067 1663624883 1663660355 1663664279 1663720415 1663724123 1663801055 1663806239 1663808831 1663813967 1663861211 1663863431 1663896287 1664316755 1664353391 1664401067 1664404355 1664431547 1664433983 1664667623 1664755979 1664833451 1664927147 1665036179 1665112739 1665269663 1665270119 1665280055 1665295391 1665296435 1665534887 1666057667 1666309931 1666487783 1667425175,8.0, 1663206822 1664432075 1665178187 1665377819 1665901199 1667007275 1667935547 1668114287, 1663206765 1663206983 1663966307 1663989143 1664264927 1664330315 1664871587 1665014171 1665014795 1665014795 1665178187 1665178187 1665188423 1665901199 1665901199 1666768979 1666820543 1667007035 1667083235 1667935547 1667935547 1668114287,1.6139480608813352,1.9739670065905537,105.0,1653026172.0,Night,12.0,False,Unknown
0x12cd868f7c4543fd079d003cb512fcf4d9a2e99a,2000000.0,3479155.92856568,1011552.175328,2.0,999938.909999,1960013.698655444, 1663170976 1663234043 1667844059, 1663170976 1663234043,2.0, 1663218089 1667844059, 1663218089,1.73957796428284,1.961471072313714,5.0,1659574726.0,Evening,0.0,False,Unknown
0x8922edc847b26db1bd2efb0a3ddb680689612e92,140000.4368,247419.763,140125.49958719467,3.0,129699.0765890001,233178.623, 1667327063 1667412995 1667991659 1668355415, 1667327135 1667413127 1668355511,2.0, 1668085595 1668535175, 1668535247,1.7672785075196278,1.9935309184999104,11.0,1651685542.0,Evening,4.0,False,Unknown
0x46bb1a2549f36423227158c7ac7ae6beae1bffb4,1555.0048515999997,2955.0396,1560.8076907048014,6.0,1556.5549999999998,2450.8393, 1664754119 1664754275 1665203003 1665419351 1665673319 1666762175 1666923515, 1664754167 1664754599 1665203063 1665419507 1665599723 1665872423,3.0, 1668754355 1668754499 1668755207, 1668754211 1668754415 1668754547 1668755255,1.9003410805821312,1.8641046929651208,21.0,1609106460.0,Morning,12.0,False,Unknown
0x2091b12446f0e79cc5ea6657ed52a9dee5ee91a8,69950.21824399999,233713.3684510745,20000.0624,7.0,49950.0,85353.0, 1668374939 1669331687 1669331891 1669577531 1669635671, 1668374999 1668456659 1669331807 1669577459 1669733159 1670188211 1670313443,1.0, 1669331579, 1669331939 1669635707,3.3411385170498944,5.732344673746026,16.0,1597319419.0,Evening,11.0,False,Unknown
0xcee10cc0c025d962b31679e58f36aa1de2b6c752,100.00031199999998,129.607,100.00031199999998,1.0,99.99,127.974, 1670143331, 1670143367,1.0, 1670143439, 1670143583,1.2960659562742167,1.0,6.0,1667306711.0,Morning,1.0,False,Bad
0xb0b0f6f13a5158eb67724282f586a552e75b5728,500.0,1296.0700000000002,500.000534,1.0,500.0,1472.64, 1663233659, 1663233659,1.0, 1663234151, 1663234151,2.59214,1.0,8.0,1615369000.0,Afternoon,19.0,False,Unknown
0xb81a0e6c38c3fec8a171cfe9631f60127a0c5bfd,2950007.956,4021705.21,2958025.709983421,4.0,2444167.190478836,3904968.0, 1665134975 1668106259 1668173915 1668630611, 1665135803 1666827383 1667630123 1668105779,15.0, 1665784919 1666298051 1666828451 1667065583 1667590283 1667883563 1667943299 1667979059 1667987147 1668016223 1668036047 1668041243 1668404567 1668549539 1668789467, 1668160031 1668543143 1668789575,1.3632862249812865,1.723899669084422,27.0,1615086478.0,Evening,1.0,False,Unknown
0x58bbb8d3c0c16b35c6d09a8306dd012b61911699,49000.01248,91513.7107832286,17000.05304,3.0,48990.2,109059.01162435798, 1662866131 1663946147, 1662866131 1663946147 1666817759,3.0, 1667963879 1668043511 1670535503,,1.8676262750051569,2.2689723804118054,7.0,1518800673.0,Evening,71.0,False,Good
0xc540eb6c7b3e44ef8a45db3ad8618404baed88f6,40000.1248,90724.9,40045.10477833709,1.0,39992.0,108812.9, 1666950575, 1666950671,1.0, 1668003551, 1668003791,2.268115423479879,2.7291979508134734,5.0,1496478824.0,Afternoon,13.0,False,Unknown
0xfe32a37f15ee4a4b59715530e5817d1322b9df80,500.0,1296.0700000000002,502.937954,1.0,500.0,1508.08, 1661521445, 1661521445,1.0, 1666122923, 1666122923,2.59214,2.863574322237083,3.0,1581999762.0,Afternoon,54.0,False,Unknown
0xe006e905de2c1762fe90d216ef604f3e628465b4,15000.046799999998,29658.92301046211,15019.543283828838,1.0,14998.5,39361.4838656423, 1666015103 1666015163, 1666015259,1.0, 1667206175, 1667206283 1667206283,1.9772553649940687,2.513462454337691,6.0,1647855729.0,Morning,15.0,False,Unknown
0x98bfaf737e8e9618072f38e04db0050e98d2d2d8,46968.90562352833,46261.9850439527,45370.402614214494,5.0,20517.251523843803,24852.800000000003, 1668066551 1668068783 1668441179 1670478587, 1668068303 1668068975 1668441395 1668485783 1670479283,4.0, 1668085583 1668441647 1668511715 1668592067, 1668069263 1668085331 1668085835 1668511955 1668592103,0.9849491792454812,18.10729401847053,19.0,1651931542.0,Morning,28.0,False,Unknown
0x512d2c196629119638ba72a1a80d6123fa024d2a,17800.055536,30449.572490523387,2505.705720777457,6.0,15292.7726667903,28013.9893028426, 1668060947 1668067439 1668114455 1668142991 1668143303 1668408683 1670010803 1670133359 1670134319 1670368955 1670641019 1670642831, 1668114143 1668143063 1668408527 1670011451 1670133527 1670642663,1.0, 1668295343, 1668295139,1.71064480270526,2.278187712176748,21.0,1612928236.0,Morning,18.0,True,Unknown
0xf319661f8a3d9055acd7465ef81583440194f91c,8025.0,20328.85795,4.612871999999999,2.0,8019.5850892872,19807.9591, 1663603787 1663604147 1669057667 1670613287, 1663603787 1670612183,1.0, 1663604147,,2.5331910218068536,3.0534960569169867,9.0,1653074537.0,Evening,82.0,False,Good
0x3cbc3bed185b837d79ba18d36a3859ecbcfc3dc8,1400000.6239999998,1879301.5,1403858.6825284236,2.0,1399580.0,2572851.0, 1661635342, 1661635342 1662817184,2.0, 1663632131 1663853147, 1663853231,1.3423576159777484,1.7618994053817556,6.0,1639075335.0,Afternoon,1.0,False,Unknown
0x36b40d670e35f207ed436337746ff7cb3778bb92,10000.01404,14357.025576979824,2997.531873270265,9.0,8002.1409120778,11559.25874538968, 1664937995 1664939783 1665013979 1665524375 1665600575 1665618947 1665707447 1665707987 1665787403 1666657583 1667332079 1668139343 1668575339 1669850087 1670878115, 1664939963 1665014207 1665618587 1665707699 1666657415 1667332079 1668139343 1668575339 1669850087,3.0, 1666324007 1668031151 1670482079, 1664940119 1665787631 1666752575 1668031091 1670878115,1.4357005419744215,1.8346741333568728,28.0,1629408765.0,Night,16.0,False,Unknown
0x7f3bd73c598b5956440089fda4e99c950feb6a83,3600.003744,5443.488095103873,85.64594321450912,4.0,3514.0028885676,5377.212166997569, 1668805931 1669018859 1669018979 1669022195 1669065527 1669067099 1669365191 1670327819 1670330771 1670486915, 1668805931 1668894467 1670115971 1670486711,1.0, 1669018787,,1.5120784538561505,1.4673964447121852,15.0,1590031708.0,Morning,0.0,False,Unknown
0x2635b9c8c76835c3007e36b0004d1470db93055a,62296.16096373158,57497.94223100002,62326.582522,20.0,48758.867139174006,52292.79632500002, 1667184443 1667184563 1667185247 1667185955 1667188451 1667799155 1667799371 1667824799 1667824967 1667825051 1667825195 1667825327 1667825435 1667825663 1667879567 1667879711 1667879819 1667879951 1667880071, 1667184443 1667184563 1667185247 1667185955 1667188247 1667642903 1667799011 1667799251 1667824655 1667824859 1667824967 1667825051 1667825195 1667825327 1667825435 1667879567 1667879711 1667879819 1667879951 1667891867,13.0, 1667187611 1667643155 1667643263 1667643503 1667891675 1667892539 1667892635 1667892779 1667892947 1667893019 1667893247 1667893343 1667893427, 1667643155 1667643263 1667891675 1667892431 1667892539 1667892635 1667892779 1667892947 1667893019 1667893247 1667893343 1667893427,0.9229772965379832,1.2477340060153024,42.0,1666843811.0,Morning,1.0,True,Unknown
0xc252e3b4e1c52f1db976d3a12922d4f5f3f6cc8d,100.0,110.16595,100.00031199999998,1.0,100.01,134.26940000000002, 1667343863, 1667343863,1.0, 1667344127, 1667344343,1.1016595,1.0,5.0,1666690103.0,Night,1.0,False,Unknown
0x6abcba6cf08fbfd33cc09c73940e00d8db6c7987,2000.0,3215.3881279493703,2003.2969938033416,2.0,1499.3793260721002,3074.8467142737973, 1661476180 1661528566 1665113975, 1661476269 1665113975,3.0, 1662134286 1665498875 1667401595, 1662134286 1667406371,1.607694063974685,2.6404924340070486,12.0,1651432911.0,Evening,65.0,False,Good
0x25d9d6f36fb3773b98284624e2a58c0cb3c98cd4,46000.0468,115894.19019325163,20394.39114330184,2.0,34810.4396203798,90190.47647029618, 1663315055 1667787923 1668500075, 1663315055 1667786903,2.0, 1663548107 1667962235, 1667621327 1668500075,2.519436353991962,2.7222790052109,8.0,1599923161.0,Morning,58.0,False,Unknown
0xb1f881f47bab744e7283851bc090baa626df931d,3000.0,9898.114803577892,3000.001863,1.0,3000.3,11393.582535443598, 1661608116, 1661608218,1.0, 1661608721, 1669398215,3.2993716011926306,1.0,5.0,1652187043.0,Afternoon,91.0,False,Good
0xcb2cd1c1ac5db07380b68587c2fd33609aef0c47,10000.0,25921.4,10061.41900052934,1.0,9999.0,26340.0, 1664042831, 1664042831,1.0, 1669496003, 1669496591,2.59214,2.682310861302528,4.0,1517380257.0,Evening,63.0,False,Good
0x31a2366a4a7646afc48456afa32cd18f236ed4c9,8500.0,16200.875,8540.824863,2.0,8500.0,15753.4, 1661617641 1662080677 1663794659, 1661617718 1662080763,1.0, 1665610475, 1665610475,1.9059852941176472,1.8946629927763785,7.0,1623353409.0,Night,1.0,False,Unknown
0x277ba29263bb09658bbc973ce6c8f63019901e5d,1000.0,1296.0700000000002,100.0,2.0,900.0,1508.08, 1661476484, 1661476484 1661476734,1.0, 1661476670,,1.29607,1.6756444444444445,5.0,1639783841.0,Night,0.0,True,Unknown
0x3d41ea67acdb33aa582b528964f647a3ad609fa6,17500.0546,51195.84332854277,17536.531248,1.0,17501.75,29673.133476180858, 1663460747 1663725923, 1663461263,1.0, 1665173999, 1664397455 1665173999,2.925467634171997,2.3657578916408912,6.0,1654029161.0,Evening,8.0,False,Unknown
0x515491350701b46a54c666d18822fd7e3c44ebd8,355001.1076,512839.24951849895,161059.87666924737,6.0,266262.78725838,539647.964394144, 1668321575 1668492719, 1668321695 1668492851 1668657503 1669412627 1669515023 1670026967,5.0, 1669336679 1669518899 1670030807 1670100839 1670219483,,1.4446130970845992,2.700595789318646,13.0,1492844345.0,Morning,23.0,False,Unknown
0x439adfe7cd81d8f471c16528dbc034f87aceb599,268.00083615999995,324.0175,268.00083615999995,2.0,167.9832,207.31040000000004, 1669929983 1669942499, 1669930307 1669942559,2.0, 1669930487 1669942715, 1669942427 1670049611,1.2090167502557991,1.0,10.0,1667374919.0,Night,3.0,False,Bad
0x023010bd0339f933fa4fcdd89fb53a4922b5ed63,700000.0,1296070.0,156547.63114708525,1.0,699930.0,1323410.0000000002, 1664813507, 1664813507,1.0, 1668040907,,1.851528571428572,2.0125955275182457,3.0,1605625972.0,Evening,11.0,False,Unknown
0x6a198a9db7f0108b8e2f0fdafea0e4d04dbe5ccc,100.0,129.607,100.0,1.0,100.0,155.26, 1661757477, 1661757477,1.0, 1661758128, 1661758191,1.29607,1.0,4.0,1658218810.0,Morning,1.0,False,Unknown
0xf6da9e9d73d7893223578d32a95d6d7de5522767,2380007.4256,2011500.64,2286921.9352991763,5.0,1899810.0,2460129.84, 1667302607 1667304803 1669083935, 1667302871 1667304983 1667612963 1668062639 1668123047,4.0, 1667883983 1667934815 1668390383 1668441431, 1668441671 1669257155,0.8451656992174724,1.4865243816936855,15.0,1661307499.0,Night,1.0,False,Unknown
0xb14875f5ea0c7c3093ca73afbd3389f2442520d8,139.31533299999998,181.3453865993632,139.31576766383895,1.0,139.49644293289998,173.86949100267174, 1668388079, 1668388079,1.0, 1668400559, 1668400919,1.3016900774257436,1.0,4.0,1668386999.0,Night,1.0,False,Bad
0xf49c2cbdf1ba8ed57ccacf2e5f25ecdc80539fe0,125000.38999999996,443200.1139284037,125192.65443386316,6.0,74992.5,327356.7335375294, 1663926395 1663929731 1664192975 1664301335 1664971811 1666374971, 1663926539 1663930007 1664193119 1664970959 1666375019 1666735979,3.0, 1665608171 1667933759 1668078059, 1665608327 1668078359,3.545589849186901,5.14256652440209,17.0,1661719553.0,Afternoon,49.0,False,Unknown
0x6cb2e66e37ee5a9ed65545ed6f84ffc66c6d98ae,32500.0,33045.75250281909,22250.819721,5.0,19998.0,33219.8318360294, 1663955915 1663956191 1664002595 1664002595 1664003147 1664854655 1664854655, 1663955915 1663956191 1664002595 1664003147 1666937051,2.0, 1664854655 1668028535,,1.016792384702126,3.3055941330056413,8.0,1594061830.0,Morning,25.0,False,Unknown
0xa6698106f9af61d624bee0796c0545fc520eefcf,750.0,3240.175,750.0899982734929,1.0,749.925,1941.855, 1665505727 1665599375, 1665505727,1.0, 1665600263, 1665600083 1665600311,4.320233333333333,2.5601960196019604,6.0,1648662222.0,Evening,2.0,True,Unknown
0x0578fe63a40dd249b853487dae3c9eb01957628e,5400.0,8124.878423078338,5400.933826,2.0,5400.0,9048.48, 1661520202 1661520297 1661673644, 1661520202 1661520297,4.0, 1661541642 1661610697 1661673243 1661673373, 1662219723 1662219723,1.5046071153848772,2.2738666750759764,11.0,1616360358.0,Afternoon,8.0,True,Unknown
0x6d16d74d0f6afe567b84a546cd2ef78076ce27e6,12000.0,25921.4,12074.673831864817,1.0,11998.8,25885.2, 1664140955, 1664140955,1.0, 1669662587, 1669662695,2.1601166666666667,2.2284633268799774,4.0,1598625047.0,Evening,30.0,False,Unknown
0xa6d753341d7bf0edf2b78b912913b8e82611bc84,1000.00312,2336.5728626570985,1000.0041560032324,1.0,1000.0,1259.56, 1670265635 1670266619 1670267159 1670267519, 1670265731,3.0, 1670266007 1670266715 1670267999, 1670266199 1670266775 1670267267 1670267327 1670267843 1670276279,2.3365655725725123,1.0,15.0,1670193251.0,Evening,1.0,False,Bad
0x6b5809528b93200583fc8be5674b7a258d5779ac,100.0,518.428,100.0,1.0,100.0,634.192, 1662040679, 1662040679,1.0, 1662041110, 1662042327,5.18428,1.0,4.0,1636580411.0,Afternoon,1.0,False,Unknown
0x2060386d44ed4fb93953c8355cb5a773fda0eed8,10000.0312,24436.321989841967,10006.569266398705,1.0,9999.0,27487.201375, 1665418823 1665471719, 1665471851,1.0, 1666005911, 1665478751 1666006427 1666006427,2.443624574875523,2.7703837404573792,7.0,1625752955.0,Afternoon,8.0,True,Unknown
0x81ad046ae9a7ad56092fa7a7f09a04c82064e16c,303.0,194.4105,303.026873,3.0,101.0,150.808, 1661504574 1661506767, 1661504574 1661506987 1661507308,3.0, 1661506266 1661507050 1661691604,,0.6416188118811882,2.2268076990610504,11.0,1654255338.0,Afternoon,3.0,True,Unknown
0x2bdb00c052e50b9b8282589d75c76a8eca3bec75,400.0012479999999,2060.491103495866,400.1264553906458,3.0,299.969970003,2368.451181600418, 1665848279 1665856571 1665856727 1665857783 1665858167 1665898571, 1665848327 1665856619 1665857927,2.0, 1665848555 1666222091, 1665848831 1666308539 1666308923,5.151211686959202,7.117321501296079,18.0,1665848123.0,Evening,6.0,True,Unknown
0x238926025e84475e3182774df480021470f8f978,50000.0,98441.80952076208,50036.036158,1.0,49990.0,126458.661794045, 1662965097, 1662965097,1.0, 1663436183, 1663436183,1.9688361904152416,2.3112544971598363,3.0,1560350763.0,Morning,6.0,True,Unknown
0x2fcecd1a122e5e218f57348e43b377c92740bebb,2000.00312,2851.3540000000003,2008.062177,2.0,1999.8,2974.994, 1664858303 1665091511, 1664858303 1665091631,1.0, 1668618851, 1668618851,1.4256747759473498,1.5473278039149636,5.0,1637578729.0,Morning,1.0,False,Unknown
0x4e682249183d7d837be00e0b4876c176401e375f,750.0023399999999,1296.0700000000002,750.1323844057372,1.0,750.825,1185.79, 1669244639, 1669244783,1.0, 1669397855, 1669397903,1.7280879416989556,1.5915298786842067,5.0,1603212232.0,Evening,1.0,False,Unknown
0x503db315693eab74d2f4245bb8b491c9e4b16826,666.0020779199999,1166.463,666.043054047845,1.0,665.9334,1216.863, 1664969555, 1664969807,1.0, 1665019247, 1665019403,1.751440481451644,1.8273043520568275,5.0,1653128124.0,Afternoon,1.0,True,Unknown
0x30019fcbbc059f94a63a7ea6cf0b71a1c82fc262,1010.0031512,2680.055496713224,1010.0122422283638,1.0,1010.101,1444.4124, 1662343049 1662343138 1662350400, 1662343212,1.0, 1662350500, 1662350576 1662350925 1662356084,2.653512014817983,1.0,9.0,1659735408.0,Morning,1.0,False,Unknown
0xf89e33835e0eb0e09666030695b674cdef466e53,100.0,129.607,100.000057,1.0,100.0,150.808, 1661528741, 1661528806,1.0, 1661529246, 1661529357,1.29607,1.0,5.0,1610990677.0,Evening,1.0,False,Unknown
0x1007a39088c22a4dfe54032f08fc47a7303603df,500.0015599999999,1296.0700000000002,501.2627959350438,1.0,500.0,1557.85, 1662470011, 1662470106,1.0, 1664363555,,2.592131912548433,2.9638802854991866,4.0,1635935112.0,Afternoon,23.0,False,Unknown
0x6c6a0089c5b9fd46861db356e60c28039771c65a,999.9939439713708,5182.98393,1002.9536362055816,2.0,499.8889602084,3275.84, 1663113714 1663166112, 1663113988 1663166220,2.0, 1663116235 1668235343, 1663116063 1663116745 1668235379,5.183015318489155,5.537368135513137,10.0,1622098155.0,Night,60.0,False,Unknown
0x49707808908f0c2450b3f2672e012edbf49ed808,447247.7042849708,541783.7202701161,367602.9026298024,156.0,192299.45030178304,240305.95031242145, 1663712423 1663712651 1663768823 1663786307 1663786451 1663786871 1663799183 1663879763 1663882799 1663915739 1663915847 1663915955 1663916195 1663916339 1663962347 1663962491 1663966775 1663968323 1663968695 1663968803 1663970003 1664083691 1664083991 1664084123 1664095163 1664096339 1664096459 1664096975 1664196563 1664196659 1664196791 1664196911 1664205947 1664248439 1664248667 1664417159 1664424383 1664440859 1664550719 1664550839 1664551091 1664551295 1664552003 1664602187 1664602331 1664602511 1664602511 1664602775 1664743091 1664917151 1665468215 1665957791 1665957899 1665993911 1665993911 1666667375 1666667735 1666668191 1666678871 1666679699 1666679915 1666706975 1666711511 1666718435 1666718603 1666722851 1666722971 1666897583 1667059523 1667059679 1667059847 1667059931 1667428199 1667441579 1667441699 1667544239 1667544443 1667575595 1667575859 1667884031 1667884631 1667885459 1667885879 1667886023 1667887823 1667887967 1667928035 1667943503 1667944307 1667944403 1667944763 1667947679 1667947883 1668986783 1669235567 1669235711 1669255199 1669255283 1669255403 1669269839 1669280627 1669290095 1669425287 1669747679 1669748807 1669748807 1669752791 1669752791 1669753367 1669774511 1669775039 1669788095 1669788251 1669788359 1669853099 1669981475 1669981595 1669981691 1670063555 1670063555 1670079731 1670080031, 1663712423 1663712651 1663756739 1663767971 1663768823 1663786055 1663786307 1663786691 1663879559 1663879763 1663882799 1663915043 1663915955 1663916195 1663962347 1663966619 1663966775 1663968323 1663968695 1663969919 1663972787 1664083751 1664083991 1664084123 1664096339 1664096459 1664158163 1664159003 1664196563 1664196659 1664196791 1664200919 1664212247 1664215379 1664232011 1664247299 1664248127 1664248259 1664248439 1664424383 1664427959 1664493035 1664527007 1664534231 1664548703 1664549435 1664550515 1664550719 1664550839 1664551091 1664551295 1664602187 1664602331 1664602511 1664692343 1664694359 1664743091 1664822267 1664857055 1664866907 1664868503 1664887487 1664888267 1664892203 1664916527 1664917295 1665017435 1665024755 1665031511 1665957791 1665993719 1666000403 1666007879 1666054523 1666667735 1666668191 1666679699 1666706975 1666711511 1666718267 1666718435 1666718603 1666722851 1666722971 1666897583 1667012243 1667016143 1667017571 1667059415 1667059523 1667059679 1667059847 1667061059 1667063111 1667441447 1667441579 1667447495 1667543111 1667544239 1667544443 1667560091 1667575415 1667575595 1667575859 1667884031 1667884631 1667885459 1667885879 1667886023 1667887823 1667928035 1667944307 1667944403 1667944763 1667947679 1667967131 1668986783 1669021895 1669235567 1669235711 1669255043 1669255199 1669255283 1669261871 1669280519 1669324055 1669400063 1669425107 1669446263 1669447067 1669738487 1669748543 1669748807 1669752923 1669762943 1669774511 1669788095 1669788251 1669789259 1669853003 1669853891 1669981475 1669981595 1669981691 1670025839 1670025887 1670063663 1670063735 1670070611 1670072507 1670080031 1670180855 1670212751 1670215631 1670216255 1670217443,35.0, 1664084639 1664084867 1664085023 1666068251 1666068431 1666068575 1666376939 1666377143 1666378271 1666378475 1666378727 1666380827 1666380995 1666381823 1666382435 1666382675 1666551239 1666551419 1666551575 1666551695 1666551815 1669838639 1670202455 1670202923 1670203127 1670258219 1670744795 1670745059 1670747351 1670747531 1670747735 1670747891 1670748071 1670748239 1670748563, 1663915739 1663915847 1663915955 1664084639 1664084639 1664084867 1664085023 1664085107 1664086535 1666068251 1666068431 1666376939 1666377143 1666378271 1666378475 1666378727 1666380827 1666380995 1666381823 1666382435 1666382675 1666551239 1666551419 1666551575 1666551695 1666551695 1666551815 1666678871 1666706435 1666718435 1669600019 1669601579 1669606151 1669607039 1669609703 1669766015 1669838363 1669853003 1670202455 1670202923 1670202923 1670203127 1670527559 1670529275 1670530403 1670744795 1670745059 1670747351 1670747531 1670747735 1670747891 1670748071 1670748239 1670748563 1670748563,1.2113728367511312,1.143584052735489,259.0,1623309370.0,Morning,2.0,False,Unknown
0xfb78db4d7732e29bd6eccebe08b56bd2b32c9aa1,96000.0,298175.3175548791,87817.71171808711,1.0,96000.0,249548.6448908985, 1663100174 1663100174 1663100174 1667434859 1667991407, 1663100174,3.0, 1667486663 1669072967 1669628123, 1664485547 1667434859 1667486663 1667486663 1668197435 1669069715 1669073015 1669628123,3.105992891196657,2.5502989709997963,11.0,1663098871.0,Night,68.0,False,Good
0x561e39c32cc92c7fc8ff923a18b74a03b725c5cd,100000.0,146455.91,100048.988119,1.0,99970.0,199663.09000000003, 1662864714, 1662864714,1.0, 1663165291, 1663165291,1.4645591,1.9054412525128035,3.0,1662119508.0,Afternoon,1.0,True,Unknown
0x2b6e061a8e0ca75eb26157efbfd077e3a23dc261,1274002.25888,1824218.525,793477.7730968217,8.0,1200120.0,1879364.375, 1664483543 1665376931 1667882207, 1664483543 1665373535 1665376931 1665713927 1666584899 1667235443 1667943227 1668140987,2.0, 1668035735 1668038795, 1668035735 1668113543,1.431880133873315,2.1493854831496706,13.0,1664482715.0,Morning,14.0,False,Unknown
0x0524fe637b77a6f5f0b3a024f7fd9fe1e688a291,70000.2184,129607.0,70001.5169610515,1.0,70000.0,132644.00000000003, 1663842407, 1663842551,1.0, 1663856627, 1663856747,1.851522794677452,1.0,9.0,1507723762.0,Afternoon,15.0,False,Unknown
0x2b282daf11cfe3740f224664f0343b0140723360,889.3051296233475,679.14068,412.31921543193846,2.0,476.984426,645.06496, 1670359079 1670397251 1670399255 1670399375, 1670359127 1670399531,2.0, 1670397455 1670398391,,0.7636756579686438,1.292854751573817,11.0,1653382802.0,Morning,0.0,False,Unknown
0x2b5b4665a8f639757a3613fd88c4c70baec259bf,9280.025584,14840.808153712322,2676.2254167972487,10.0,7878.424,11723.520101061527, 1664211191 1664519327 1664564267 1664564567 1665042311 1665044339 1666217951 1666712915 1666712915 1667069471 1667069723 1667071799 1667150351 1667162735 1668563879 1668614531 1669092503 1669742003, 1664211191 1664564567 1665042515 1665044423 1665701915 1667056619 1667069555 1667071679 1667162579 1669741847,3.0, 1667444783 1667529767 1670477555, 1665895487 1668614411,1.599220607678049,1.7535942230468418,31.0,1664206607.0,Evening,9.0,False,Unknown
0xf694d9aeb3905f0d07d1848242183c316432b397,21460.0669552,2909.442080293438,20244.29006598794,23.0,2046.5347740552,3480.8019604920005, 1663589567 1663591283, 1663592039 1664436179 1664438123 1664871695 1664946299 1665482099 1665489935 1665649631 1666452215 1666662935 1666930415 1667310479 1667471327 1667486735 1667496671 1667536967 1667632955 1668289547 1668292055 1668588371 1669431995 1669484303 1670519579,31.0, 1663796267 1664434427 1664444471 1664564723 1664791475 1664857535 1664945507 1664946407 1665085391 1665485219 1665718547 1666402967 1666455515 1666664483 1666935755 1667424635 1667433023 1667463311 1667482955 1667519759 1668016199 1668290375 1668295019 1668477815 1668840779 1669165583 1669432871 1669441223 1669486931 1670514491 1670672939,,0.1355746972442902,3.0741719044173617,56.0,1642726254.0,Morning,58.0,True,Unknown
0xe7185c0af1de82208fec32b0f9e542f155d971dc,8000.0,12960.7,8036.154829724841,1.0,8000.0,15854.8, 1662071827, 1662071918,1.0, 1665608303, 1665608351,1.6200875,1.799921559488728,5.0,1625605146.0,Evening,3.0,False,Unknown
0x086dbcf9d25b476aaba8ae02cea177870d27b64c,51184.23664432007,82559.659,6993.453671507377,9.0,45220.22421156,60790.385, 1662406670 1668905387 1668958679 1668958823 1668959027 1668997475 1669003223 1669045991 1669055147 1669656335 1670392535, 1668905483 1668958739 1668958943 1668997319 1669003127 1669045895 1669054979 1669303583 1669656227,1.0, 1669652843, 1662413537,1.6129899440272626,1.542399692822749,23.0,1508913853.0,Afternoon,76.0,False,Good
0xcdd681467221379db0caa005fbfb5c899384aaa2,396100.078,740681.3628799999,45000.0,13.0,351064.89,616192.5, 1664038907 1664074859 1664075315 1664075315 1664075615 1664075747 1664080235 1664250083 1664344835 1664602667 1665632627 1665687383 1666927823 1666927823 1667956235 1667978867 1668035303 1668053483 1668394547 1668401111 1668668519 1668835667 1669002479 1669130951 1669436255 1670783135 1670783135, 1664038907 1664074859 1664075315 1664075615 1664080235 1664235599 1664546351 1665687383 1668052343 1668117827 1669007111 1669130951 1670783135,5.0, 1664344835 1664731115 1667978867 1668235499 1668401111, 1666830851 1669436255 1670448827 1670448827,1.8699349079148624,1.6173242035701505,34.0,1621121141.0,Morning,0.0,False,Unknown
0xcf1347dad4dd90fa73448d191950639c657ff0e2,1740005.4287999996,2543525.315261284,350049.01773552777,1.0,1739652.0,3100528.301836555, 1667801663, 1667801927,1.0, 1667967635,,1.4617915974063564,1.6476817955295544,3.0,1637162532.0,Morning,0.0,False,Unknown
0x0ec1bd56351f1964536150ddee5dffc71e8fc7f2,9600.001248,23268.49021600314,9654.701363,9.0,9616.32,22409.251128446547, 1661679997 1663242719 1663242719 1663308215 1663308215 1663928315 1664686139 1664863139 1664863139 1664943371 1665243011 1665560279 1665594131 1665627143 1666084955 1666092359 1666347635 1666777907 1666777907 1668140963 1668140963 1668218579, 1661679997 1662780296 1663242719 1663308215 1663928315 1664518067 1664686139 1665560279 1668218579,1.0, 1668219347, 1668219347 1668219347 1668219347 1668219347,2.423800749072897,2.4106682316370263,21.0,1622616483.0,Morning,59.0,False,Unknown
0x55d380fbd543885a44f3312e5617c05c95adc11f,115000.0,250792.49788761704,79924.6424293848,2.0,115253.0,172217.39780422492, 1668081179 1668165839 1669392419, 1668081179 1668165839,3.0, 1668184931 1668405839 1669392419, 1669392419,2.18080432945754,2.661187059068131,6.0,1609507964.0,Afternoon,12.0,False,Unknown
0xe14dc1c13027b41c9f256bdf5524f5fa08cc3bb5,6060469.420628959,8768442.03613902,6076723.501254325,16.0,4495720.576830615,7041893.882469275, 1663016231 1663089988 1663105467 1663106275 1663106800 1663228979 1663373087 1663451507 1663455635 1663540223 1663722983 1663807763 1663807763 1663813883 1664057303 1664330123 1664333279 1664342147 1664438699 1664491727 1664929127 1665175739 1665192299 1665192299 1665270659, 1663016277 1663036232 1663106344 1663106912 1663229087 1663373147 1663451507 1663455635 1663722983 1663727903 1663896659 1664330123 1664438699 1664491727 1664929127 1666058135,8.0, 1663205541 1664404991 1665378059 1665899999 1667598671 1667797667 1667989415 1668115187, 1663205598 1663205710 1663977215 1664135291 1664262383 1665015335 1665015335 1665899999 1665899999 1667598671 1668115187 1668115187,1.446825555507716,1.9582085555684448,47.0,1653093409.0,Night,15.0,False,Unknown
0x0b03f12275ef47afc7fd4e7afd27146825042a22,81000.25271999999,178823.0511331674,11996.837430015998,2.0,81000.0,190794.65316133283, 1663547723 1663635863, 1663548407 1663636271,1.0, 1668393215,,2.2076851013208474,2.4245430707918825,6.0,1651497366.0,Night,53.0,False,Unknown
0xbb9a92673522f404445521225fb0387b687a13a0,34596.20581985848,45533.30398047418,5423.279927580581,19.0,34613.406542244,44076.02147084407, 1663028456 1663808687 1664043659 1666340771 1666340951 1666340975 1666444235 1667195819 1667385131 1667535395 1667766815 1667776955 1667871383 1667931407 1667999999 1668113291 1668427955 1668695171 1668977915 1669019867 1669079903 1669342847 1669493279, 1663110574 1663808903 1664043371 1664357303 1666341059 1666444307 1666757255 1667195699 1667535263 1667597531 1667867903 1668000095 1668113459 1668428147 1668695231 1668977099 1669232879 1669342955 1669493123,4.0, 1669651547 1669651895 1669697759 1669773911, 1669651775 1669656203 1669667387 1669697843 1669769219 1669773803,1.3161357698461178,1.4566784597630058,57.0,1657389829.0,Evening,0.0,False,Unknown
0xf6f3bc09782d3c0df474eb3cec5cac8423bfedf3,184195.79778709603,361413.3582623365,54205.902484888094,6.0,130145.47712268202,228425.11842898504, 1662727472 1662727636 1662727873 1662727923 1662728128 1662728551 1662768998 1662770304 1662770456 1662831016 1663477379 1663477547 1663477715 1663477787 1663478267 1663797671 1663797743 1668524723 1668524807 1668525347 1668946907, 1662727559 1662727989 1662728284 1662945322 1663477427 1668524123,3.0, 1662853685 1662878696 1663346183, 1662878567 1662878841,1.9621151112257111,2.6600584055512195,33.0,1535679550.0,Afternoon,63.0,False,Good
0x3e4a9e9b682756d69ec092616b0aa45cb2dc0e33,200.000624,341.0504759560128,200.5439066950367,1.0,199.98,389.980246161, 1664532215 1664589635, 1664532311,1.0, 1666859855, 1666860191,1.705247059409239,1.94718867017452,6.0,1660009792.0,Afternoon,1.0,False,Unknown
0x5a06e2f79f8f7288063763e77168f6df6fbe45eb,200.000624,777.6419999999999,200.000624,1.0,200.0,382.81500000000005, 1668083195 1669904675, 1669904831,1.0, 1669905011, 1668083387 1669908587,3.8881978688226497,1.0,7.0,1649999941.0,Afternoon,22.0,False,Unknown
0x43d85b781ca0a33f42bb8aad0a0023f85b270229,12190.006177700612,13582.8136,12194.028101248972,4.0,12189.968145,14456.848000000002, 1662425333 1662426240 1662426710 1662426900 1662469735, 1662425582 1662426319 1662426736 1662469534,4.0, 1662692874 1662693262 1662693492 1662693694, 1662580147 1662692969 1662693355 1662693562 1662693786,1.114258139167089,1.2927009660860571,20.0,1559166406.0,Morning,69.0,True,Good
0x11b50686d3983c14c0d0972a5e46e38e0d9b2e14,39134939.238096334,47069821.89389183,39141352.07538868,72.0,3303876.44022946,3965812.84386944, 1663334495 1663335191 1663336379 1663354343 1663366835 1663450055 1663451531 1663494515 1663676003 1663681283 1663682459 1663712231 1663770107 1664129279 1664129279 1664131991 1664132747 1664134331 1664173787 1664175587 1664179127 1664183543 1664184251 1664265611 1664268107 1664268659 1664286815 1664461271 1664461271 1664472443 1664478131 1664542451 1664553347 1664801939 1664806691 1664819615 1664823467 1664874707 1664878499 1664879879 1664979851 1665088391 1665180119 1665304715 1665386243 1665389351 1665656375 1665759215 1665760439 1665764735 1665785435 1665872711 1665874679 1665989087 1666027223 1666031027 1666085819 1666120403 1666178555 1666191119 1666209419 1666301291 1666338191 1666420391 1666516055 1666542527 1666542527 1666594163 1666595039 1666731011 1666735379 1666735571 1666812311 1667026163 1667077211 1667346347 1667418815 1667550059 1667557151 1667571731 1667579819 1667591483 1667668043 1667838059 1667845811 1667847695 1667917019 1667918339 1667922539, 1663334495 1663335191 1663336379 1663354343 1663450055 1663493531 1663494515 1663676087 1663681283 1663682459 1663768223 1663770107 1664129279 1664132063 1664132747 1664170331 1664173787 1664175587 1664179127 1664183543 1664265611 1664268107 1664268659 1664286815 1664461271 1664472503 1664478131 1664525627 1664801939 1664806691 1664819615 1664869439 1664874707 1664878499 1664949059 1665176327 1665386243 1665656375 1665759215 1665760439 1665764735 1665871091 1665872711 1665989087 1666027343 1666031027 1666085819 1666120403 1666178555 1666191119 1666338239 1666420391 1666516055 1666592135 1666594163 1666595039 1666731011 1666735379 1666812311 1667026163 1667418815 1667550059 1667571731 1667579819 1667668043 1667808767 1667838059 1667845811 1667916371 1667917019 1667918339 1667922539,78.0, 1663384103 1663386455 1663411415 1663524815 1663525427 1663525775 1663789127 1663881743 1663882763 1663885271 1663920419 1664134331 1664138399 1664206703 1664207039 1664207291 1664209295 1664215991 1664299031 1664302475 1664346683 1664347871 1664349239 1664357315 1664482823 1664624723 1664626919 1664644247 1664647511 1664810159 1664918351 1664920139 1665070295 1665073943 1665180119 1665301847 1665343919 1665662639 1665665795 1665783095 1665783779 1665785435 1665908771 1665943235 1665949511 1666037447 1666096199 1666124399 1666262339 1666262699 1666277771 1666384727 1666472651 1666608107 1666612931 1666621967 1666626767 1666683143 1666776239 1667346347 1667391659 1667392967 1667401667 1667427791 1667652755 1667686847 1667776967 1667857859 1667860403 1667861519 1667935319 1667941091 1667944475 1667948891 1667949203 1667950307 1667983427 1668928535, 1663382855 1663384103 1663386455 1663412879 1663524815 1663525427 1663525775 1663881215 1663881743 1663882763 1663914455 1663920419 1664135531 1664205791 1664206703 1664207039 1664207291 1664209295 1664215991 1664299139 1664345423 1664346683 1664347871 1664349239 1664357315 1664550419 1664624387 1664624723 1664626919 1664644247 1664647511 1664810159 1664918351 1665070295 1665073943 1665296279 1665301847 1665341171 1665656255 1665662639 1665665795 1665783095 1665783779 1665903119 1665932291 1665943235 1666077407 1666096199 1666163363 1666260359 1666262339 1666262699 1666277771 1666472651 1666608107 1666612931 1666621967 1666683143 1666772459 1666776239 1667324987 1667391659 1667392967 1667401667 1667427791 1667646059 1667652755 1667740547 1667856887 1667857859 1667860403 1667941091 1667944475 1667948891 1667949203 1667982407 1667983427 1668928535,1.20275699439623,1.9294439011952629,204.0,1617966172.0,Evening,18.0,True,Unknown
0x6398f2612e98c39de1bd54f5e55019e2a6f981ff,105000.0,181449.8,105009.335249,2.0,105000.0,206169.6, 1663265459 1663265831, 1663265459 1663265831,1.0, 1663326479, 1663326479,1.7280933333333337,1.96352,5.0,1622125610.0,Evening,1.0,True,Unknown
0x52ff0010d4058bb726725ad76f542c53033d67a1,100.00031199999998,194.4105,100.013547,1.0,100.0,199.19400000000005, 1663910255, 1663914707,1.0, 1664033099, 1664033099,1.9440989344113249,1.9919400000000005,8.0,1520330423.0,Morning,1.0,True,Unknown
0x0b3bebd62b1d8b436fadde8666796e2a7b13cc22,100.00031199999998,125.73397242695312,100.000337000078,1.0,99.99,148.5051796925, 1665040871 1665041303, 1665041447,1.0, 1665041663, 1665041711,1.2573358013818312,1.0,7.0,1648627137.0,Morning,1.0,False,Unknown
0x69e38fcec1389b4ab0b13f870b4bfd2883c5532c,750.0,1296.0700000000002,250.00078,1.0,749.925,1311.8, 1664620379, 1664620379,1.0, 1667984807,,1.7280933333333337,1.88042925164142,3.0,1664618915.0,Afternoon,0.0,False,Unknown
0x610518f169c6cec3a5782de4562c824cfef650f2,8050.025115999999,11664.63,2000.00624,1.0,8047.585,12957.52, 1664482823, 1664482883,1.0, 1667075387, 1667075195,1.4490178393127888,1.5214589780030467,5.0,1645225543.0,Evening,0.0,False,Unknown
0x8f1027cc0145e106122aa63e9e26e7afb7ace1f4,410000.0,980905.9806756964,68999.85385387234,4.0,411312.00000000006,975630.0, 1664977319 1664978639 1664979227 1665070307 1665071363 1665681491 1668077039, 1664979227 1665070307 1665071363 1665681491,1.0, 1669048487,,2.3924536114041377,2.5752894103299453,12.0,1644956629.0,Evening,46.0,False,Unknown
0xe0bb96e34da2f3946dfdf69c61d2a86f86acaa4b,591.4131242031904,687.46533761,591.4131242031905,1.0,591.3521378720999,722.1603060400001, 1664883971, 1664884031,2.0, 1664884127 1664884259, 1664884379,1.1624113660585746,1.0,8.0,1618491245.0,Afternoon,1.0,False,Unknown
0x93e961b3a375c1831db9c3ce604d4b54f731b4d4,5000.0,11664.63,5028.756262670588,1.0,4999.5,11910.69, 1665274403 1665275543, 1665275543,1.0, 1670520023, 1670524763,2.332926,2.385555106519542,5.0,1614830735.0,Night,45.0,False,Unknown
0x5dc50055bc813c9910e406b786e45a5ae4f8ad5b,2351592.97622361,1446024.165320188,1383663.490928525,29.0,1071492.9199060083,1512758.243806726, 1662535772 1662536737 1662537304 1662537477 1662537668 1662537803 1662537890 1662538052 1662538303 1662538430 1662538526 1662538752 1662538917 1662539043 1662953973 1663164911 1663231775 1663635803 1663636235 1667372891 1667931587, 1662535772 1662536737 1662537304 1662537477 1662537668 1662537803 1662537890 1662538052 1662538303 1662538430 1662538526 1662538752 1662538917 1662667149 1662761056 1662778565 1662953053 1663004849 1663121940 1663201589 1663635803 1663636235 1665094523 1667242703 1667434271 1667588999 1667849471 1667875763 1667928371,21.0, 1662715579 1662776926 1662796046 1662848335 1662982062 1663073432 1663253831 1663253963 1663799675 1664773799 1665161543 1665649055 1665650687 1666496483 1666647815 1666795283 1666798163 1667372891 1667436719 1667609315 1667881007, 1663253711 1663253831 1666794755 1666795283,0.614912606025188,1.456710403889375,59.0,1578950712.0,Morning,0.0,False,Unknown
0xdb3388e770f49a604e11f1a2084b39279492a61f,200.0,951.8646728549066,200.0039640104208,1.0,200.24,341.922, 1669129247 1669145735 1669145735, 1669129247,1.0, 1669142171, 1669173359 1669173359,4.759323364274533,1.0,7.0,1649197757.0,Night,2.0,False,Unknown
0x354c04a74be6da700619778f56f681b7aa3d42f7,73700.22994399999,171001.0196675256,34.76075645322175,18.0,73665.239352,168249.3358496823, 1666368887 1666395815 1666397063 1666400243 1666402211 1666405307 1666708451 1667188163 1667190647 1667191091 1667228627 1667229383 1667358299 1667395571 1667405267 1667438723 1667438963 1667578151 1667750171 1667858951 1667859143 1667893931 1667951987 1667980139 1667988395 1667990099 1668014267 1668036395 1668064367 1668219695 1668398591 1668503711 1668697499 1668758543 1668842939 1669075451 1669170911 1669257815 1669612499 1669714187 1669869623 1669981583 1669982651 1670214719 1670585927, 1666369019 1666396079 1666397291 1666400375 1666402307 1666406447 1666500083 1666927319 1667189759 1667190779 1667228723 1667315015 1667357015 1667402411 1667575415 1667850779 1668470963 1670064659,3.0, 1666934939 1668036011 1668074771, 1668076115,2.3202236926188444,2.079966017804495,69.0,1642346033.0,Night,17.0,False,Unknown
0x4a1ffcdb1432b822bd931bee06135930bf6c67ae,700.0021839999999,1613.48019434269,702.3860118041323,2.0,650.65,1460.785613, 1665562835 1665572507, 1665562991 1665572759,3.0, 1665563147 1668793043 1669406519, 1668792563 1669406519,2.3049645147145568,3.8386401550509928,9.0,1629170594.0,Morning,44.0,False,Unknown
0xf11cbe536124e17e37db0caa506a52457276f6bc,100.00031199999998,142.5677,100.0005080006115,1.0,99.99,140.33140000000003, 1664685227, 1664685359,1.0, 1664686991, 1664687099,1.4256725519016384,1.0,5.0,1655348420.0,Morning,1.0,False,Unknown
0xf54f265ab35657bbf6a5bead9fd8bcb80c3e5357,200.0,518.428,200.0,1.0,200.0,603.232, 1661476811, 1661476811,1.0, 1661534508, 1661538137,2.59214,1.0,5.0,1537229147.0,Night,1.0,False,Unknown
0xdc519874071cca5457fdf8b3c31760ac1ca16ef7,10000.0,32401.75,10000.0312,1.0,9999.0,36719.75000000001, 1663443767, 1663443767,1.0, 1663443983, 1663444043,3.240175,1.0,4.0,1662676030.0,Evening,1.0,False,Unknown
0x76b35da9adf3775602e86caf0bd40f0c7b8a5997,400000.0,1036856.0,400000.0,1.0,400840.0,880672.0000000001, 1668035399, 1668035399,1.0, 1668985619, 1668986243,2.59214,2.45046682769098,5.0,1609465718.0,Night,11.0,False,Unknown
0x2651d865ce09348ddc68b602550f9c9027a30d0b,100.0,388.821,100.013128,1.0,100.0,382.81500000000005, 1669886627, 1669886627,1.0, 1670005499, 1670005499,3.88821,3.82815,4.0,1590248630.0,Evening,2.0,False,Unknown
0x308fd47d492cf32d0f504c2a3e82bc25583b455b,253400.478608,664235.8750000001,254017.249572346,6.0,169416.94,609541.6250000001, 1663255559 1668012803, 1663255559 1666865267 1667042723 1667919119 1667934623 1667949155,2.0, 1667750207 1668032963, 1668032855 1668033023,2.621288951973708,5.894732115071859,12.0,1663253555.0,Afternoon,56.0,False,Unknown
0x5853ed4f26a3fcea565b3fbc698bb19cdf6deb85,101.0,133.13272624,101.011599,2.0,101.0,149.29992, 1661476543 1661497500, 1661476543 1661494444,1.0, 1661513692, 1661494025 1663839875,1.3181458043564358,1.0,7.0,1564655163.0,Afternoon,28.0,False,Unknown
0xe5f3dbcc3dcf75a6946822aae7df5160505d3069,125954.62659645607,229321.78247462708,42836.6937297874,7.0,83117.906287,161257.1911960982, 1663398047 1663398527 1663398527 1663398815 1664671151 1666851071 1667936147 1667943863 1669861067, 1663398047 1663398527 1663398995 1664670971 1666199915 1669068755 1669861067,7.0, 1663555163 1667430143 1667430263 1667430467 1667604743 1667882327 1667882423, 1666849715 1667418647 1667430143 1667430263 1667430263 1667430383 1667604431 1667604431 1667604743 1667882183 1667882327 1670867507 1670867507,1.820669781423332,1.713941403427561,26.0,1592947227.0,Night,0.0,False,Unknown
0x420f253087044b8bcf028dd89f8fe83ba6275e84,56500.07550399999,117217.13866081124,50833.38378712264,24.0,36992.6,78663.80173761153, 1661884763 1664849363 1664849363 1664849363 1664849855 1664849855 1664850599 1664850599 1664851883 1664851943 1664851943 1664851943 1664852135 1665205031 1665205115 1665450659 1665450659 1665523007 1665523007 1665523007 1665523007 1665523007 1665526019 1665526019 1665526019 1665526019 1665526019 1665531551 1665531551 1665531551 1665531551 1665531551 1665536075 1665681359 1665681359 1665681827 1665681827 1667590403 1667944727 1667944727 1667944727 1667944775 1667944775 1668009851 1668125027 1668127451 1668128051 1668128183 1668128639 1668135647 1669854119 1669854119 1670460611 1670798255 1670807315 1670814023, 1664849363 1664849855 1664850599 1664851979 1664852135 1665205031 1665205115 1665450659 1665526079 1665536075 1665681827 1666813667 1667598263 1668125027 1668127451 1668128051 1668128183 1668128567 1668896387 1669854119 1670460611 1670798255 1670807315 1670814023,19.0, 1666826795 1667591063 1667603351 1668123515 1668123923 1668574355 1668737423 1668745751 1668787427 1668804911 1668810131 1668817871 1668824591 1668826463 1668828203 1668901775 1668981359 1668982211 1668982943, 1661894333 1665536243 1666721963 1666798655 1666798655 1666814375 1666814375 1666826687 1667590871 1667590871 1667590871 1667598719 1667603351 1667603351 1667610119 1667620055 1668123335 1668123335 1668123515 1668123515 1668123923 1668123923 1668573491 1668573491 1668573491 1668573491 1668737351 1668743951 1668743951 1668743951 1668787283 1668787283 1668787283 1668803051 1668803051 1668803051 1668808487 1668817547 1668817547 1668817547 1668821759 1668824435 1668824435 1668824591 1668824591 1668824591 1668826163 1668826163 1668826163 1668826163 1668828155 1668901499 1668901595 1668981239 1668981239 1668981239 1668982055 1668982775 1668982775 1668982775 1668982775 1668982943 1668983423 1668983423 1668988055 1668988055 1669077983 1669078631,2.074636849866028,2.709932688762976,120.0,1638584334.0,Night,90.0,False,Good
0x357dfdc34f93388059d2eb09996d80f233037cba,182000.56784,213947.7063615019,132559.61356612478,7.0,70047.31174386041,110356.59269026616, 1668192983 1668193415 1668193415 1668207275 1668297251 1669084259 1669084403 1669125719, 1668193019 1668207179 1668517871 1669084151 1669084331 1669204247 1669978727,6.0, 1668422255 1668976439 1669054679 1669084727 1669144895 1669205363, 1668422255 1668976283,1.1755331804765974,3.744016975089045,22.0,1615556073.0,Afternoon,21.0,False,Unknown
0xcc87525309dc84c743f387dc61b3f90c1b380452,1112003.46944,1509223.4041111884,359207.40780861565,2.0,1099889.9618198185,1801192.6565636075, 1664927327 1664952047, 1664928227 1664952227,2.0, 1664930771 1667968787,,1.3572110569683982,1.613669699213214,8.0,1664914499.0,Morning,1.0,False,Unknown
0x82f05c30340bba6ad23e87b1cd811e52114593c1,520.0016224,660.9956999999999,520.0053184115314,1.0,519.948,794.3505, 1662204626, 1662204769,1.0, 1662210436, 1662210531,1.2711416109612508,1.0,5.0,1660222087.0,Afternoon,1.0,False,Unknown
0x15beb9b52e5bbc45547902a032fd19ee52167282,1200003.744,1689259.827903445,1204713.1931834354,3.0,1199880.0,1910726.269718688, 1664173259 1664174603 1664252795, 1664173499 1664174831 1664252963,4.0, 1664253251 1667962703 1667962943 1667963195, 1667963267,1.4077121311910217,1.7962262131341304,20.0,1621782623.0,Morning,1.0,False,Unknown
0x4152d4ecc8a7c78ac4c5ef13b4f6f9c6a2cba565,600001.872,1076702.6362509895,460157.7942818388,2.0,299910.0,1312150.7402704544, 1662825133 1663274003 1663274087, 1662857128 1663238171,2.0, 1663180863 1668870683,,1.7944987949154092,4.146176659733918,10.0,1598506623.0,Evening,71.0,False,Good
0x29eaf5fe784441bf16938e195e7bb00d23f3dfe5,222222.69333264,320553.3306564663,222222.69333264,1.0,222177.5556,410385.1169749791, 1662875475 1663193575, 1662882364,1.0, 1663193695, 1663193786,1.4424869298863077,1.7831912739278135,6.0,1662874936.0,Morning,1.0,True,Unknown
0xaf3cf8a7e45244543caaaf92e795a3c72e9f8a47,100000.31199999998,168909.86845107455,100000.5416517165,1.0,99980.0,223807.0, 1662964281, 1662964341,1.0, 1662965860, 1662966143,1.6890934145392926,1.0,20.0,1653027788.0,Morning,58.0,False,Unknown
0x32e00ba0370f63eb157d7222e36a36705ff9ac5b,5100002.808,9072490.0,4101298.3933399306,4.0,3600000.0,6297880.000000001, 1662903246 1663033733 1663726859 1664242715, 1662903246 1662983198 1663033733 1664242715,2.0, 1663216102 1668986567, 1663216378,1.7789186283914689,2.70532001833837,9.0,1609459164.0,Night,67.0,False,Good
0x40c553047cf06e52c482b4a6bff33bc0938eed9c,300.0009359999999,195.487926829076,200.000624,3.0,199.98,316.4305282118185, 1663980419 1663981031, 1663981271 1663981271 1663981619,2.0, 1663981451 1663981475,,0.651624389695491,3.1646217442926146,9.0,1643851904.0,Night,1.0,True,Unknown
0x6395cc6e900b1a29195be284979131e02f831683,100.00031199999998,257.9918439024243,100.22128368942953,1.0,99.99,306.7052203674, 1666964363 1667466587, 1666964411,2.0, 1668237815 1670553215, 1668237851 1670553251,2.579910389703828,3.156706765930685,8.0,1618993465.0,Morning,36.0,False,Unknown
0x4733d8e32496e1e7cbc0c734b565a32e84676b5f,101605.31700759998,183412.35071675823,59271.07082116398,3.0,101594.8395,139195.38656011422, 1662891583 1662892018 1668347603, 1662891670 1664037611 1665006143,2.0, 1665008219 1670346491, 1670345843,1.8051452041928,3.075901032762701,9.0,1512843875.0,Afternoon,87.0,False,Good
0x9fece7066a91fdd416cd2ad262d1ce1f461ae8e3,14000.04368,39623.75426812618,4000.0324950624463,3.0,9998.9799870015,21005.89711170505, 1669791911 1670532335, 1669792007 1669794599 1670532431,1.0, 1669797875, 1669797911,2.830259331599898,2.100803995908818,7.0,1611944575.0,Morning,8.0,False,Unknown
0x26029da6d2b2694e10b2f4a00fb71331ca099102,31900.002808,53421.30579676443,31997.52358796212,3.0,30996.9,51573.52186304372, 1661575101 1663003303 1663015753 1665164639 1665222299, 1665164639 1665218315 1665222299,2.0, 1665218423 1668019055, 1665128315 1669752011,1.6746489371269655,1.7910289330106814,13.0,1632113513.0,Evening,62.0,False,Good
0x876c899a3dbbf17c7abe05d8680fa46f66be29bd,5000.0156,12960.7,5026.661113133741,1.0,4999.5,14687.9, 1663405715, 1663405919,1.0, 1667995955, 1667996003,2.592131912548433,2.771708743415888,5.0,1663392503.0,Afternoon,54.0,False,Unknown
0x603c877a819a8c1a374103c314aea5a424e26b99,2250.00312,2203.319,537.5056040122522,2.0,1712.3248233927,2147.8140000000003, 1668380591, 1668380591 1670765711,1.0, 1668945983,,0.9792515309934328,2.559223232158512,4.0,1610807173.0,Afternoon,21.0,False,Unknown
0x3df562d0e553f19e8fed01f30bf6d5f031c78aed,100.0,129.607,100.14234444313983,1.0,100.0,155.26, 1661810441 1661811308, 1661811386,2.0, 1662922739 1662922922, 1662923057,1.29607,1.6047927774310096,9.0,1636300874.0,Evening,1.0,False,Unknown
0xe6eb6b0c1bf996873734112acd453adcc3eeb4ef,135.0304212936,129.607,135.0304212936,1.0,135.01649700000002,162.707, 1667672783 1667673227, 1667673539,1.0, 1667681195, 1667682407,0.9598355597083732,1.0,6.0,1667583515.0,Evening,1.0,False,Bad
0x9452244fcd1acd78ed22776e1f8bcdd63bb0b074,135000.0,207371.2,135222.06548599998,3.0,69965.505828,110448.0, 1662820045 1662905694 1663228571 1663283063, 1662820045 1662905694 1663228571,3.0, 1663190626 1663558535 1666429307, 1663190626 1666429307,1.5360829629629629,2.590610871026968,8.0,1518289041.0,Afternoon,35.0,False,Unknown
0xc7b42f99c63126b22858f4eed636f805cfe82c91,100.0,129.607,100.21254666217008,1.0,100.0,150.808, 1661478127, 1661478127,1.0, 1663037704, 1663037777,1.29607,1.5984189238473272,4.0,1623701875.0,Night,1.0,False,Unknown
0x6fb737d1ebb73cda6cfa36fd16d9273065d1b084,2202.09078,4331.309547701067,135.00042119999998,14.0,2066.883291,4271.303026541383, 1662892803 1662892803 1663535303 1663535303 1665207299 1665207299 1665635855 1665731951 1666565147 1666565147 1666926479 1667702519 1667769887 1668136511 1668235775 1668926963 1669620071 1669620071 1669794431 1670189291 1670752151, 1663539443 1665207299 1665635855 1665731951 1666565147 1666926479 1667702519 1667769887 1668926963 1669620071 1669793447 1669794431 1670189291 1670752151,1.0, 1668229247,,1.966907807361632,3.347311521904292,22.0,1568941538.0,Morning,77.0,False,Good
0xea04a9fe2cef51b504e7da8cf1b859454ae27030,3000.0,6350.743,3007.842865,1.0,2999.7,6341.874000000001, 1664112767, 1664112767,1.0, 1666311431, 1666311431,2.1169143333333333,2.1453622926395206,3.0,1625201206.0,Afternoon,4.0,False,Unknown
0x93f871f73192b0c2543ec45644c42afa7365dde6,14850.046331999998,28513.54,14853.018845274211,1.0,14848.515,32313.38, 1663390247, 1663390331,1.0, 1663541063, 1663541159,1.92009771299884,2.176202805465732,5.0,1652823946.0,Night,1.0,True,Unknown
0x37a6156e4a6e8b60b2415af040546cf5e91699bd,21000.0,46658.52,21099.838033289267,1.0,21000.0,31834.56, 1663814495 1663814735, 1663814495,1.0, 1667953295, 1664323199 1667953331,2.221834285714286,2.0243975853732223,6.0,1505682514.0,Night,16.0,False,Unknown
0x234fa5d48966ce2eae726ad49fbab7ddb154767d,3000.00936,25921.4,3014.889261425147,1.0,2999.4,23492.4, 1663721135, 1663721231,1.0, 1668042419, 1666794071 1668652343,8.640439708494778,8.442942900050893,6.0,1660240489.0,Night,58.0,False,Unknown
0x7f1c6e55c5bec9a47a3a7f4c17d2d31d38ddc2aa,12000.021839999998,19631.000377580523,6632.458979207451,2.0,11996.4,24034.60624097623, 1662617039 1662882223, 1662617039 1662882361,1.0, 1667983895,,1.6359137207687389,1.8321257304851268,5.0,1596230723.0,Morning,3.0,False,Unknown
0xeaf6ec5d5b4a9406a2eea7f7cd30a844d2b72f89,43127.57335473855,64106.5666057805,43140.77244395443,7.0,18201.067946000003,25633.731364344403, 1662774903 1662775226 1662775389 1662996310 1662997142 1662997298 1668060131 1668060323 1668060467 1668093551, 1662774903 1662775226 1662996310 1662997142 1668060131 1668060323 1668092747,13.0, 1662960628 1662960845 1662961062 1663208781 1663208954 1663209126 1663209335 1668392099 1668392267 1668392411 1668392543 1668392795 1668393779, 1662960286 1662960628 1662960845 1662961263 1663208564 1663208781 1663208954 1663209126 1663209335 1668391739 1668392159 1668392315 1668392459 1668392639 1668393635 1668393863,1.4864403818522969,1.79367761830081,35.0,1637169357.0,Night,57.0,True,Unknown
0x9521f77aa4f5f3dd5c4b2da897c13b0c3d4e9791,364650.8708639685,320569.9538,358678.53381455096,19.0,93499.5370177999,99128.96, 1667186291 1667187095 1667187683 1667189207 1667644067 1667653007 1667798771 1667893631 1667894459 1667895851 1667898791 1667898935 1667899247 1667902583 1667903615 1667905643, 1667186351 1667187095 1667189075 1667643887 1667652803 1667798603 1667824547 1667879051 1667891243 1667893115 1667895743 1667898203 1667898599 1667898791 1667902439 1667903519 1667905307 1667905547 1667909687,17.0, 1667187683 1667647607 1667891351 1667891447 1667891987 1667892227 1667892323 1667893631 1667897507 1667901095 1667903015 1667905067 1667905499 1667913971 1667914115 1667914223 1667914307, 1667647487 1667891351 1667891447 1667892155 1667892227 1667893823 1667897339 1667899139 1667900999 1667902943 1667904959 1667913971 1667914115 1667914223 1667914403 1667919899,0.8791147352547729,1.5426107467597738,66.0,1589360772.0,Morning,0.0,True,Unknown
0xa34a426f82a77fc6bb4282242f28d53d58da9fba,800.0024959999998,2592.1400000000003,800.0066930130945,1.0,800.3199999999999,2335.46, 1669611767, 1669611875,1.0, 1669616375, 1669616459,3.2401648906855423,1.0,5.0,1608087519.0,Morning,1.0,False,Unknown
0xf5c6558f3a645bbb825e680189c7446deefc802b,200.000624,407.93329884980994,200.6199159321848,2.0,199.98,496.94986090332816, 1662260514 1662260727 1662261508 1662327742, 1662260767 1662327607,1.0, 1664660603, 1664660831,2.039660130509443,2.319868241964991,11.0,1661089214.0,Morning,15.0,False,Unknown
0xd9b066cfedfb3cf1f14e3b5a0c50971780f3a121,17385.004009199998,25765.8716,2470.0077064,7.0,17183.2815,25526.475, 1666968299 1666970291 1667159483 1667161871 1667221631 1667562587 1667569739 1667761319 1667812643 1667989523 1668071759, 1666968299 1666970291 1667159483 1667221631 1667562587 1667569739 1667757587,4.0, 1667563799 1667765807 1667881511 1667886071, 1667076683,1.4820745273550076,1.6057373330940314,18.0,1636453632.0,Afternoon,0.0,False,Unknown
0x3f3429d28438cc14133966820b8a9ea61cf1d4f0,5000015.6,13512789.476085965,5002839.156144466,1.0,5000500.0,15828944.0, 1663313771, 1663314659,1.0, 1663729691, 1663729787 1663729883,2.7025494632628675,3.1276994062569523,5.0,1659425081.0,Morning,6.0,True,Unknown
0x965257bfee7eed277f8b55afe2aa2d3172df8104,320.0009984,348.64283,130.00040559999997,3.0,190.0,303.808, 1667337263 1667340239 1667340743 1667363267, 1667339351 1667340371 1667363063,2.0, 1667339507 1667340647,,1.0895054444930132,2.8303004786024326,10.0,1645557938.0,Night,1.0,True,Unknown
0x7e81ba1ad19d723e766ee101ba9891dffa016b2e,63609.29408286506,162008.75,54123.08883555898,6.0,39529.750997655006,100792.15, 1661923750 1662067866 1669194407, 1661923750 1662067866 1662750071 1664941103 1669027403 1669194407,5.0, 1665776507 1668555215 1669022195 1669099067 1670122547, 1669011779 1669021883 1669026083 1669098611 1670802755,2.5469351976921497,3.435697542441174,17.0,1661923375.0,Morning,101.0,False,Good
0xd4e26683635bf3dc9ead5f31b935c33cc1ce1838,1750000.0,2773589.8000000003,1750007.3265658235,1.0,1752975.0,2613945.8000000003, 1668345227, 1668345227,1.0, 1668346319, 1668346379,1.584908457142857,1.0,4.0,1623864487.0,Afternoon,1.0,False,Unknown
0xde6f889d24471f618bc371d68232fb99f3ce4d2a,100.0,1296.0700000000002,100.000062,1.0,99.99,1275.74, 1664740319, 1664740319,1.0, 1664740847, 1664740847,12.9607,1.0,6.0,1520578260.0,Evening,3.0,False,Unknown
0xcfc50541c3deaf725ce738ef87ace2ad778ba0c5,11259359.168547176,30760573.82118456,6941440.761168331,13.0,9025958.859378446,15843491.900854342, 1661476363 1661492448 1661492711 1661619873 1661619873 1662659113 1663274483 1665452447 1665692615 1665770339 1666281287 1667942783 1667947679 1667947679 1667959823 1668029927 1668997247 1668997247, 1661476414 1661477641 1661483588 1661491174 1661492448 1661492711 1661619873 1665452447 1665692615 1666281287 1668028547 1668997247 1670212091,10.0, 1666383215 1666803479 1667931959 1667932019 1667936675 1667941187 1668029927 1668789863 1669652447 1670525999, 1661810702 1663274483 1665435611 1665770339 1666027739 1666802927 1667065367 1667931959 1667932019 1667936675 1667941187 1668144599 1668468179 1668789863 1669652447 1669853555 1670212835 1670525999,2.732000406125572,2.281148026319505,44.0,1593497013.0,Evening,63.0,False,Good
0xde6ccca84010b3f450ec7b95501c4cbe98ac84e9,550001.7159999999,675639.4738042982,550953.515098,2.0,549945.0,851468.8, 1667220263, 1667220335 1667662163,3.0, 1667923115 1669048655 1669127951, 1669127999,1.2284315742103946,1.5171025054948115,19.0,1658173763.0,Afternoon,1.0,False,Unknown
generalStats,,,,,,,,,,,,,,,,,,False,Bad
